{
  "model": "deepseek-ai/DeepSeek-R1-Distill-Qwen-1.5B",
  "layer": -1,
  "vectors": [
    {
      "prompt": "Using the numbers 4, 7, and 12, create an equation that equals 100.",
      "anchor_idx": 0,
      "anchor_sentence": "Okay, so I have this problem where I need to use the numbers 4, 7, and 12 to create an equation that equals 100.",
      "layer": -1,
      "hidden_size": 64,
      "vector": [
        -0.152859559024348,
        0.10533897897816129,
        0.03573096671029078,
        -0.13711105806640217,
        -0.19107720532760564,
        0.0739765866660981,
        0.08719396102592908,
        -0.16819834799309855,
        -0.1108866256076656,
        0.041398051753277716,
        0.03092287731158312,
        -0.2673436127554597,
        0.09232908699979339,
        0.12850598338344665,
        0.039074537230677456,
        -0.05143042442136321,
        -0.21770830273542527,
        -0.08041218926523555,
        -0.16947525804744942,
        0.037247907150762025,
        0.0034322533294437003,
        0.024843066296507583,
        0.010852824965247925,
        -0.20174270459168053,
        -0.22176103820900933,
        -0.012199197331973494,
        0.061572760649832685,
        0.035821858574251166,
        0.005621539635924594,
        -0.054135493738907546,
        0.2645910202742075,
        0.03936729498620885,
        -0.1854020909916384,
        0.07956912734501306,
        0.12522881776543088,
        0.21613081856021504,
        -0.003566302292203952,
        -0.2422462242495683,
        0.023385674497045362,
        0.022637772369783104,
        0.0779599521402911,
        -0.10465930491809919,
        0.03744716549181576,
        -0.1704533640999772,
        0.17534033725290907,
        0.07019792407040618,
        0.009665706679261237,
        0.05601117212528643,
        -0.10142723559625534,
        -0.16324320253251498,
        0.054411469458725464,
        -0.0773280495236799,
        -0.06890479927672175,
        0.22182359773804625,
        -0.019691092477553067,
        -0.03055510016043345,
        0.12787161536468158,
        -0.1848530355138814,
        0.004152837197431041,
        -0.005130931724077489,
        0.22231761430041974,
        -0.06097059130657445,
        -0.1762134422653758,
        -0.11153209390287035
      ],
      "counterfactual_count": 1
    }
  ],
  "mean_vector": [
    -0.152859559024348,
    0.10533897897816129,
    0.03573096671029078,
    -0.13711105806640217,
    -0.19107720532760564,
    0.0739765866660981,
    0.08719396102592908,
    -0.16819834799309855,
    -0.1108866256076656,
    0.041398051753277716,
    0.03092287731158312,
    -0.2673436127554597,
    0.09232908699979339,
    0.12850598338344665,
    0.039074537230677456,
    -0.05143042442136321,
    -0.21770830273542527,
    -0.08041218926523555,
    -0.16947525804744942,
    0.037247907150762025,
    0.0034322533294437003,
    0.024843066296507583,
    0.010852824965247925,
    -0.20174270459168053,
    -0.22176103820900933,
    -0.012199197331973494,
    0.061572760649832685,
    0.035821858574251166,
    0.005621539635924594,
    -0.054135493738907546,
    0.2645910202742075,
    0.03936729498620885,
    -0.1854020909916384,
    0.07956912734501306,
    0.12522881776543088,
    0.21613081856021504,
    -0.003566302292203952,
    -0.2422462242495683,
    0.023385674497045362,
    0.022637772369783104,
    0.0779599521402911,
    -0.10465930491809919,
    0.03744716549181576,
    -0.1704533640999772,
    0.17534033725290907,
    0.07019792407040618,
    0.009665706679261237,
    0.05601117212528643,
    -0.10142723559625534,
    -0.16324320253251498,
    0.054411469458725464,
    -0.0773280495236799,
    -0.06890479927672175,
    0.22182359773804625,
    -0.019691092477553067,
    -0.03055510016043345,
    0.12787161536468158,
    -0.1848530355138814,
    0.004152837197431041,
    -0.005130931724077489,
    0.22231761430041974,
    -0.06097059130657445,
    -0.1762134422653758,
    -0.11153209390287035
  ],
  "config": {
    "resamples": 2,
    "min_dissimilarity": 0.8,
    "min_counterfactuals": 1,
    "dry_run": true
  }
}